experience_level,count,mean,median,std
MI,3781,3.0148108965882043,3.0,0.8186274791870697
EX,3760,14.480585106382978,15.0,2.862113785526322
SE,3741,6.983159582999198,7.0,1.4130729450583475
EN,3718,0.49166218396987627,0.0,0.49999772065745307
